11111111,Armand,Ariel,(718) 349-3049
11111112,Brunilda,Chester,(718) 349-3050
11111113,Bill,Alesia,(718) 349-3051
11111114,Brenna,Alix,(718) 349-3052
11111115,Chaya,Aimee,(718) 349-3053
11111116,Brandee,Birdie,(718) 349-3054
11111117,Caprice,Armando,(718) 349-3055
11111118,Agnus,Bethany,(718) 349-3056
11111119,Alexia,Coleen,(718) 349-3057
11111120,Cherish,Bobby,(718) 349-3058
11111121,Alida,Claretha,(718) 349-3059
11111122,Carlos,Andre,(718) 349-3060
11111123,Blaine,Clayton,(718) 349-3061
11111124,Ammie,Asha,(718) 349-3062
11111125,Belen,Chanel,(718) 349-3063
11111126,Carlyn,Aimee,(718) 349-3064
11111127,Brinda,Amberly,(718) 349-3065
11111128,Chasidy,Aaron,(718) 349-3066
11111129,Charity,Andy,(718) 349-3067
11111130,Clarissa,Beaulah,(718) 349-3068
11111131,Cleopatra,Angelia,(718) 349-3069
11111132,Celina,Aracely,(718) 349-3070
11111133,Brendon,Chase,(718) 349-3071
11111134,Carmelia,Alexia,(718) 349-3072
11111135,Berniece,Afton,(718) 349-3073
11111136,Aliza,Berneice,(718) 349-3074
11111137,Bianca,Adell,(718) 349-3075
11111138,Chloe,Almeda,(718) 349-3076
11111139,Arletta,Bryant,(718) 349-3077
11111140,Alfonso,Antwan,(718) 349-3078
11111141,Ben,Candice,(718) 349-3079
11111142,Ashlyn,Anika,(718) 349-3080
11111143,Alta,Cary,(718) 349-3081
11111144,Claude,Aimee,(718) 349-3082
11111145,Alejandrina,Candi,(718) 349-3083
11111146,Aubrey,Aurelio,(718) 349-3084
11111147,Bethanie,Anastasia,(718) 349-3085
11111148,Bobby,Alecia,(718) 349-3086
11111149,Adriene,Beth,(718) 349-3087
11111150,Celina,Chris,(718) 349-3088
11111151,Annalisa,Antonietta,(718) 349-3089
11111152,Ava,Benton,(718) 349-3090
11111153,Armandina,Cary,(718) 349-3091
11111154,Blake,Alfonzo,(718) 349-3092
11111155,Cathern,Candelaria,(718) 349-3093
11111156,Angle,Bree,(718) 349-3094
11111157,Annetta,Buck,(718) 349-3095
11111158,Bobette,Clyde,(718) 349-3096
11111159,Camelia,Augusta,(718) 349-3097
11111160,Brain,Cathryn,(718) 349-3098
11111161,Brittaney,Alita,(718) 349-3099
11111162,Chung,Arie,(718) 349-3100
11111163,Cecelia,Bebe,(718) 349-3101
11111164,Cecile,Bobbie,(718) 349-3102
11111165,Antonetta,Arlene,(718) 349-3103
11111166,Christia,Carey,(718) 349-3104
11111167,Amelia,Alan,(718) 349-3105
11111168,Avril,Bessie,(718) 349-3106
11111169,Bong,Caren,(718) 349-3107
11111170,Carissa,Antonina,(718) 349-3108
11111171,Amanda,Christie,(718) 349-3109
11111172,Avery,Carlena,(718) 349-3110
11111173,Alina,Antionette,(718) 349-3111
11111174,Bobby,Cherri,(718) 349-3112
11111175,Carmelo,Brendan,(718) 349-3113
11111176,Bettina,Cecil,(718) 349-3114
11111177,Buffy,Alva,(718) 349-3115
11111178,Cecila,Catarina,(718) 349-3116
11111179,Bethanie,Ardelle,(718) 349-3117
11111180,Carmel,Cathie,(718) 349-3118
11111181,Al,Alexandria,(718) 349-3119
11111182,Alison,Cecile,(718) 349-3120
11111183,Andy,Andera,(718) 349-3121
11111184,Bobby,Abdul,(718) 349-3122
11111185,Charlott,Cameron,(718) 349-3123
11111186,Barbar,Clarita,(718) 349-3124
11111187,Ali,Claudia,(718) 349-3125
11111188,Christena,Alan,(718) 349-3126
11111189,Azucena,Avelina,(718) 349-3127
11111190,Alyse,Cecilia,(718) 349-3128
11111191,Alpha,Benita,(718) 349-3129
11111192,Aurea,Chantal,(718) 349-3130
11111193,Ashley,Amie,(718) 349-3131
11111194,Ahmad,Annalee,(718) 349-3132
11111195,Breanne,Aleida,(718) 349-3133
11111196,Alyssa,Cammy,(718) 349-3134
11111197,Christine,Adria,(718) 349-3135
11111198,Bee,Betsey,(718) 349-3136
11111199,Bula,Adele,(718) 349-3137
11111200,Adolph,Alexander,(718) 349-3138
11111201,Cassie,Chase,(718) 349-3139
11111202,Bell,Carmela,(718) 349-3140
11111203,Bonnie,Bobbye,(718) 349-3141
11111204,Candance,Ardis,(718) 349-3142
11111205,Annette,Angelina,(718) 349-3143
11111206,Carol,Chanell,(718) 349-3144
11111207,Cayla,Cher,(718) 349-3145
11111208,Bonnie,Cira,(718) 349-3146
11111209,Alphonso,Celestine,(718) 349-3147
11111210,Bryce,Alvina,(718) 349-3148